,precision,recall,f1-score,support
0,0.7974683544303798,0.8289473684210527,0.8129032258064516,76.0
1,0.7903225806451613,0.7538461538461538,0.7716535433070866,65.0
accuracy,0.7943262411347518,0.7943262411347518,0.7943262411347518,0.7943262411347518
macro avg,0.7938954675377705,0.7913967611336032,0.7922783845567691,141.0
weighted avg,0.7941742033946408,0.7943262411347518,0.793887414725184,141.0
