,precision,recall,f1-score,support
0,0.7763157894736842,0.7763157894736842,0.7763157894736842,76.0
1,0.7384615384615385,0.7384615384615385,0.7384615384615385,65.0
accuracy,0.7588652482269503,0.7588652482269503,0.7588652482269503,0.7588652482269503
macro avg,0.7573886639676113,0.7573886639676113,0.7573886639676113,141.0
weighted avg,0.7588652482269503,0.7588652482269503,0.7588652482269503,141.0
