,precision,recall,f1-score,support
0,0.7631578947368421,0.7631578947368421,0.7631578947368421,76.0
1,0.7230769230769231,0.7230769230769231,0.7230769230769231,65.0
accuracy,0.7446808510638298,0.7446808510638298,0.7446808510638298,0.7446808510638298
macro avg,0.7431174089068826,0.7431174089068826,0.7431174089068826,141.0
weighted avg,0.7446808510638298,0.7446808510638298,0.7446808510638298,141.0
