feature,importance
tipe_nyeri_dada,0.17045469810183003
thalch,0.12734354149693652
angina_olahraga,0.1136633578621752
usia,0.10953837751315709
depresi_st,0.10838637525477661
kolesterol,0.09024129171953887
tekanan_darah_istirahat,0.06836970950603713
jenis_kelamin,0.05963993161233266
thalassemia,0.042358592863163576
jumlah_pembuluh_darah,0.03588989078273843
hasil_ecg_istirahat,0.030101042688675944
kemiringan_st,0.0229294765342272
gula_darah_puasa,0.021083714064410786
