feature,importance
tipe_nyeri_dada,0.320652710833154
usia,0.10660539325255453
kolesterol,0.0929959033815364
thalch,0.0927947284119974
depresi_st,0.06746510520999936
tekanan_darah_istirahat,0.06248730457693541
angina_olahraga,0.060483784218323976
jenis_kelamin,0.05990213196824794
jumlah_pembuluh_darah,0.03611089919784231
thalassemia,0.03197036408581608
hasil_ecg_istirahat,0.026220638443433152
kemiringan_st,0.023518016505737715
gula_darah_puasa,0.01879301991442171
