Model,Accuracy,Precision,Recall,F1-Score,ROC-AUC,Specificity,MCC,CV_Mean
Logistic_Regression_Tuned,0.7943262411347518,0.7903225806451613,0.7538461538461538,0.7716535433070866,0.8542510121457491,0.8289473684210527,0.5852868949578569,0.8344816687737042
Gradient_Boosting_Tuned,0.7588652482269503,0.7384615384615385,0.7384615384615385,0.7384615384615385,0.8014170040485828,0.7763157894736842,0.5147773279352227,0.855799620733249
Random_Forest_Tuned,0.7446808510638298,0.7230769230769231,0.7230769230769231,0.7230769230769231,0.8323886639676114,0.7631578947368421,0.4862348178137652,0.8611409608091025
